Name,Age,Gender,maritalStatus,employment
Aarika,28,m,0,Accountant
Abagael,32,m,0,Administrative Assistant/Secretary
Abagail,45,m,0,Advertising
Abbe,36,m,0,Consultant
Abbey,45,m,0,Financial Advisor
Abbi,32,m,1,Fundraiser
Abbie,30,f,1,Government Jobs
Abby,30,f,0,Human Resources
Abbye,25,f,0,Insurance Agent
Abigael,34,f,0,Investment Banker
Abigail,28,f,1,Lawyer
Abigale,24,m,0,Management
Abra,44,f,1,Market Research Analyst
Ada,38,f,0,Nonprofit Job
Adah,50,f,0,Doctor
Adaline,24,f,1,Nurse
Adan,23,f,0,Paramedic
Adara,28,m,1,Psychologist
Adda,48,f,0,Social Worker
Addi,46,f,1,Veterinarian
Addia,33,m,0,Career Counselor
Addie,49,m,0,School Jobs
Addy,42,m,0,Substitute Teacher
Adel,44,m,0,Teacher
Adela,18,m,1,Teaching Abroad
Adelaida,22,f,1,Teaching Online
Adelaide,34,m,0,Consultant
Adele,19,m,1,Financial Advisor
Adelheid,47,m,1,Fundraiser
Adelice,42,m,0,Government Jobs
Adelina,50,m,1,Human Resources
Adelind,35,f,0,Insurance Agent
Adeline,42,m,0,Investment Banker
Adella,25,f,0,Lawyer
Adelle,28,f,0,Management
Adena,31,f,0,Market Research Analyst
Adey,23,f,0,Nonprofit Job
Adi,49,f,1,Doctor
Adiana,31,f,1,Nurse
Adina,38,f,0,Accountant
Adora,33,f,1,Administrative Assistant/Secretary
Adore,26,f,1,Advertising
Adoree,26,f,0,Consultant
Adorne,30,f,1,Financial Advisor
Adrea,42,f,0,Fundraiser
Adria,34,m,1,Government Jobs
Adriaens,45,f,0,App Developer
Adrian,19,m,0,Computer Programmer
Adriana,47,f,1,Database Administrator
Adriane,46,f,1,Programmer
Adrianna,40,m,0,Software Developer
Adrianne,42,m,1,Web Developer
Adriena,50,f,0,Management
Adrienne,42,m,1,Market Research Analyst
Aeriel,40,f,1,Nonprofit Job
Aeriela,46,m,1,Doctor
Aeriell,39,f,0,Nurse
Afton,21,f,0,Paramedic
Ag,44,f,0,Psychologist
Agace,31,f,0,Social Worker
Agata,32,m,1,Veterinarian
Agatha,31,m,0,Career Counselor
Agathe,26,m,1,School Jobs
Aggi,34,m,1,Substitute Teacher
Aggie,50,f,1,Teacher
Aggy,44,m,1,Teaching Abroad
Agna,27,m,0,Government Jobs
Agnella,26,m,0,App Developer
Agnes,48,f,0,Computer Programmer
Agnese,43,m,0,Database Administrator
Agnesse,34,f,1,Programmer
Agneta,33,f,1,Software Developer
Agnola,36,f,0,Web Developer
Agretha,25,f,1,Management
Aida,42,f,1,Market Research Analyst
Aidan,29,m,0,Nonprofit Job
Aigneis,45,m,0,Doctor
Aila,35,m,0,Nurse
Aile,47,f,0,Paramedic
Ailee,35,m,0,Psychologist
Aileen,47,f,1,Social Worker
Ailene,27,f,1,Veterinarian
Ailey,37,f,0,Career Counselor
Aili,46,m,0,School Jobs
Ailina,22,f,0,Substitute Teacher
Ailis,33,f,1,Teacher
Ailsun,50,f,0,Teaching Abroad
Ailyn,40,f,0,Nonprofit Job
Aime,29,f,0,Doctor
Aimee,36,f,0,Nurse
Aimil,21,m,1,Accountant
Aindrea,27,m,1,Administrative Assistant/Secretary
Ainslee,33,m,0,Advertising
Ainsley,31,f,0,Consultant
Ainslie,18,m,1,Financial Advisor
Ajay,35,m,1,Fundraiser
Alaine,40,f,0,Government Jobs
Alameda,36,f,1,App Developer
Alana,31,m,0,Computer Programmer
Alanah,25,f,1,Database Administrator
Alane,27,m,1,Programmer
Alanna,36,m,0,Software Developer
Alayne,23,f,0,Web Developer
Alberta,18,m,1,Management
Albertina,33,m,0,Market Research Analyst
Albertine,43,f,1,Nonprofit Job
Albina,27,f,0,Doctor
Alecia,18,f,1,Nurse
Aleda,27,m,0,Paramedic
Aleece,43,f,0,Psychologist
Aleen,48,f,1,Social Worker
Alejandra,47,m,0,Advertising
Alejandrina,32,m,0,Consultant
Alena,23,f,1,Financial Advisor
Alene,44,f,0,Fundraiser
Alessandra,28,f,0,Government Jobs
Aleta,47,m,0,Human Resources
Alethea,29,m,0,Insurance Agent
Alex,39,m,0,Investment Banker
Alexa,24,m,0,Lawyer
Alexandra,23,m,0,Management
Alexandrina,19,m,0,Market Research Analyst
Alexi,25,f,1,Nonprofit Job
Alexia,26,f,1,Doctor
Alexina,48,f,1,Nurse
Alexine,45,f,1,Paramedic
Alexis,35,m,0,Psychologist
Alfi,24,m,1,Social Worker
Alfie,47,m,1,Veterinarian
Alfreda,26,f,0,Career Counselor
Alfy,48,m,0,School Jobs
Ali,21,f,1,Substitute Teacher
Alia,36,m,0,Teacher
Alica,44,m,1,Teaching Abroad
Alice,34,m,1,Teaching Online
Alicea,29,f,1,Consultant
Alicia,25,m,1,Financial Advisor
Alida,28,m,1,Fundraiser
Alidia,25,f,1,Government Jobs
Alie,28,m,1,Human Resources
Alika,47,f,1,Insurance Agent
Alikee,38,m,0,Investment Banker
Alina,26,f,1,Lawyer
Aline,42,m,0,Management
Alis,44,f,1,Market Research Analyst
Alisa,22,f,1,Nonprofit Job
Alisha,44,m,1,Doctor
Alison,49,f,1,Nurse
Alissa,26,f,0,Accountant
Alisun,32,m,1,Administrative Assistant/Secretary
Alix,40,f,0,Advertising
Aliza,43,m,0,Consultant
Alla,36,m,0,Financial Advisor
Alleen,29,f,1,Fundraiser
Allegra,43,f,0,Government Jobs
Allene,47,m,0,App Developer
Alli,30,f,1,Computer Programmer
Allianora,27,f,0,Database Administrator
Allie,38,m,1,Programmer
Allina,47,f,1,Software Developer
Allis,34,f,0,Web Developer
Allison,39,m,1,Management
Allissa,38,m,1,Market Research Analyst
Allix,42,f,0,Nonprofit Job
Allsun,28,f,0,Doctor
Allx,48,m,1,Nurse
Ally,45,f,1,Paramedic
Allyce,36,f,0,Psychologist
Allyn,29,m,0,Social Worker
Allys,42,f,1,Veterinarian
Allyson,36,m,0,Career Counselor
Alma,32,f,1,School Jobs
Almeda,47,m,0,Substitute Teacher
Almeria,20,m,1,Teacher
Almeta,19,f,0,Teaching Abroad
Almira,26,f,1,Government Jobs
Almire,27,f,0,App Developer
Aloise,48,m,1,Computer Programmer
Aloisia,33,f,1,Database Administrator
Aloysia,36,f,0,Programmer
Alta,30,f,1,Software Developer
Althea,35,m,1,Web Developer
Alvera,40,f,0,Management
Alverta,27,f,0,Market Research Analyst
Alvina,39,f,0,Nonprofit Job
Alvinia,34,m,0,Doctor
Alvira,45,m,0,Nurse
Alyce,40,f,1,Paramedic
Alyda,45,f,0,Psychologist
Alys,48,m,0,Social Worker
Alysa,20,m,1,Veterinarian
Alyse,41,m,0,Career Counselor
Alysia,29,m,1,School Jobs
Alyson,38,f,0,Substitute Teacher
Alyss,46,f,1,Teacher
Alyssa,47,m,1,Teaching Abroad
Amabel,45,m,0,Nonprofit Job
Amabelle,32,f,0,Doctor
Amalea,33,f,1,Nurse
Amalee,40,f,1,Accountant
Amaleta,45,m,0,Administrative Assistant/Secretary
Amalia,49,m,1,Advertising
Amalie,27,m,1,Consultant
Amalita,42,m,0,Financial Advisor
Amalle,18,m,1,Fundraiser
Amanda,46,f,0,Government Jobs
Amandi,25,m,0,App Developer
Amandie,42,f,1,Computer Programmer
Amandy,29,f,1,Database Administrator
Amara,50,f,1,Programmer
Amargo,33,f,1,Software Developer
Amata,35,m,1,Accountant
Amber,44,m,0,Administrative Assistant/Secretary
Amberly,29,m,1,Advertising
Ambur,23,m,1,Consultant
Ame,23,f,1,Financial Advisor
Amelia,39,f,0,Fundraiser
Amelie,48,f,1,Government Jobs
Amelina,37,f,0,Human Resources
Ameline,26,f,0,Insurance Agent
Amelita,31,f,1,Investment Banker
Ami,32,f,0,Lawyer
Amie,29,f,0,Management
Amii,33,f,1,Market Research Analyst
Amil,26,f,1,Nonprofit Job
Amitie,24,m,0,Doctor
Amity,22,m,0,Nurse
Ammamaria,22,f,1,Paramedic
Amy,23,f,0,Psychologist
Amye,39,m,0,Social Worker
Ana,36,f,1,Veterinarian
Anabal,21,m,0,Career Counselor
Anabel,18,f,0,School Jobs
Anabella,43,m,1,Substitute Teacher
Anabelle,42,m,1,Teacher
Analiese,48,m,0,Teaching Abroad
Analise,24,f,0,Teaching Online
Anallese,35,m,1,Consultant
Anallise,45,f,0,Financial Advisor
Anastasia,49,m,1,Fundraiser
Anastasie,34,m,0,Government Jobs
Anastassia,18,f,0,Human Resources
Anatola,29,f,1,Insurance Agent
Andee,49,m,1,Investment Banker
Andeee,43,m,0,Lawyer
Anderea,35,f,0,Management
Andi,25,f,0,Market Research Analyst
Andie,29,f,0,Nonprofit Job
Andra,28,f,0,Doctor
Andrea,50,f,0,Nurse
Andreana,45,m,0,Accountant
Andree,34,f,1,Administrative Assistant/Secretary
Andrei,41,f,1,Advertising
Andria,23,f,1,Consultant
Andriana,34,f,1,Financial Advisor
Andriette,24,f,0,Fundraiser
Andromache,26,f,1,Government Jobs
Andy,32,f,1,App Developer
Anestassia,34,f,1,Computer Programmer
Anet,25,f,0,Database Administrator
Anett,32,m,0,Programmer
Anetta,41,m,1,Software Developer
Anette,35,f,0,Web Developer
Ange,46,m,0,Management
Angel,28,m,0,Market Research Analyst
Angela,50,f,0,Nonprofit Job
Angele,27,f,1,Doctor
Angelia,35,f,1,Nurse
Angelica,39,f,0,Paramedic
Angelika,35,m,0,Psychologist
Angelina,49,f,1,Social Worker
Angeline,20,m,0,Veterinarian
Angelique,30,f,0,Career Counselor
Angelita,38,f,1,School Jobs
Angelle,23,f,0,Substitute Teacher
Angie,46,m,0,Teacher
Angil,24,f,0,Teaching Abroad
Angy,46,m,1,Government Jobs
Ania,38,m,0,App Developer
Anica,46,f,1,Computer Programmer
Anissa,34,f,1,Database Administrator
Anita,28,f,0,Programmer
Anitra,44,f,1,Software Developer
Anjanette,49,f,1,Web Developer
Anjela,25,f,1,Management
Ann,23,m,1,Market Research Analyst
Ann-Marie,24,m,0,Nonprofit Job
Anna,36,m,0,Doctor
Anna-Diana,49,m,1,Nurse
Anna-Diane,22,f,1,Paramedic
Anna-Maria,42,f,1,Psychologist
Annabal,25,m,1,Social Worker
Annabel,32,f,1,Veterinarian
Annabela,19,f,1,Career Counselor
Annabell,45,m,0,School Jobs
Annabella,46,f,1,Substitute Teacher
Annabelle,49,f,0,Teacher
Annadiana,29,f,0,Teaching Abroad
Annadiane,28,m,1,Nonprofit Job
Annalee,39,m,0,Doctor
Annaliese,30,f,1,Nurse
Annalise,39,f,0,Accountant
Annamaria,49,f,0,Administrative Assistant/Secretary
Annamarie,27,m,0,Advertising
Anne,24,m,0,Consultant
Anne-Corinne,19,f,0,Financial Advisor
Anne-Marie,21,m,1,Fundraiser
Annecorinne,40,m,1,Government Jobs
Anneliese,22,m,0,App Developer
Annelise,31,f,1,Computer Programmer
Annemarie,32,m,0,Database Administrator
Annetta,24,m,0,Programmer
Annette,32,f,1,Software Developer
Anni,20,m,0,Web Developer
Annice,19,m,1,Management
Annie,50,f,0,Market Research Analyst
Annis,27,m,0,Nonprofit Job
Annissa,36,m,0,Doctor
Annmaria,26,f,1,Nurse
Annmarie,40,f,0,Paramedic
Annnora,38,f,1,Psychologist
Annora,37,m,0,Social Worker
Anny,25,f,1,Advertising
Anselma,42,m,0,Consultant
Ansley,30,m,0,Financial Advisor
Anstice,25,m,1,Fundraiser
Anthe,48,m,0,Government Jobs
Anthea,27,f,1,Human Resources
Anthia,29,f,0,Insurance Agent
Anthiathia,40,f,0,Investment Banker
Antoinette,45,m,0,Lawyer
Antonella,31,f,1,Management
Antonetta,46,m,1,Market Research Analyst
Antonia,35,f,1,Nonprofit Job
Antonie,39,f,1,Doctor
Antonietta,29,m,1,Nurse
Antonina,25,m,0,Paramedic
Anya,23,m,1,Psychologist
Appolonia,45,f,0,Social Worker
April,27,f,1,Veterinarian
Aprilette,18,m,1,Career Counselor
Ara,23,m,1,School Jobs
Arabel,22,f,0,Substitute Teacher
Arabela,49,m,1,Teacher
Arabele,43,f,0,Teaching Abroad
Arabella,36,m,0,Teaching Online
Arabelle,19,f,0,Consultant
Arda,31,m,0,Financial Advisor
Ardath,33,f,1,Fundraiser
Ardeen,19,m,1,Government Jobs
Ardelia,20,f,1,Human Resources
Ardelis,24,f,0,Insurance Agent
Ardella,23,f,0,Investment Banker
Ardelle,19,m,1,Lawyer
Arden,23,m,1,Management
Ardene,48,m,0,Market Research Analyst
Ardenia,21,m,0,Nonprofit Job
Ardine,48,f,1,Doctor
Ardis,27,f,0,Nurse
Ardisj,21,m,0,Accountant
Ardith,26,m,0,Administrative Assistant/Secretary
Ardra,40,m,0,Advertising
Ardyce,28,f,0,Consultant
Ardys,35,f,1,Financial Advisor
Ardyth,35,f,1,Fundraiser
Aretha,37,f,0,Government Jobs
Ariadne,47,m,1,App Developer
Ariana,25,f,1,Computer Programmer
Aridatha,36,m,0,Database Administrator
Ariel,38,m,0,Programmer
Ariela,30,m,1,Software Developer
Ariella,40,m,0,Web Developer
Arielle,50,m,1,Management
Arlana,22,f,1,Market Research Analyst
Arlee,49,f,1,Nonprofit Job
Arleen,46,f,0,Doctor
Arlen,40,m,1,Nurse
Arlena,34,f,1,Paramedic
Arlene,44,m,0,Psychologist
Arleta,47,f,1,Social Worker
Arlette,31,f,1,Veterinarian
Arleyne,18,f,1,Career Counselor
Arlie,32,m,1,School Jobs
Arliene,37,f,0,Substitute Teacher
Arlina,31,m,0,Teacher
Arlinda,33,m,1,Teaching Abroad
Arline,20,m,0,Government Jobs
Arluene,46,f,0,App Developer
Arly,41,f,1,Computer Programmer
Arlyn,21,m,1,Database Administrator
Arlyne,46,m,0,Programmer
Aryn,39,f,1,Software Developer
Ashely,30,m,0,Web Developer
Ashia,21,f,1,Management
Ashien,29,m,1,Market Research Analyst
Ashil,30,m,1,Nonprofit Job
Ashla,39,m,0,Doctor
Ashlan,40,m,0,Nurse
Ashlee,26,f,1,Paramedic
Ashleigh,47,f,1,Psychologist
Ashlen,39,f,1,Social Worker
Ashley,26,f,0,Veterinarian
Ashli,40,m,1,Career Counselor
Ashlie,19,m,1,School Jobs
Ashly,41,m,0,Substitute Teacher
Asia,25,f,1,Teacher
Astra,36,f,0,Teaching Abroad
Astrid,26,f,0,Nonprofit Job
Astrix,40,m,1,Doctor
Atalanta,32,f,1,Nurse
Athena,44,m,0,Accountant
Athene,45,f,0,Administrative Assistant/Secretary
Atlanta,22,m,0,Advertising
Atlante,22,f,1,Consultant
Auberta,48,m,0,Financial Advisor
Aubine,50,f,1,Fundraiser
Aubree,38,m,1,Government Jobs
Aubrette,40,m,0,App Developer
Aubrey,46,f,0,Computer Programmer
Aubrie,22,f,0,Database Administrator
Aubry,36,f,0,Programmer
Audi,36,f,0,Software Developer
Audie,23,m,1,Accountant
Audra,37,m,0,Administrative Assistant/Secretary
Audre,19,m,1,Advertising
Audrey,37,f,1,Consultant
Audrie,35,f,1,Financial Advisor
Audry,28,m,1,Fundraiser
Audrye,29,m,0,Government Jobs
Audy,23,f,1,Human Resources
Augusta,18,m,1,Insurance Agent
Auguste,26,f,1,Investment Banker
Augustina,29,m,1,Lawyer
Augustine,38,m,1,Management
Aundrea,40,m,1,Market Research Analyst
Aura,48,m,0,Nonprofit Job
Aurea,32,m,1,Doctor
Aurel,35,m,0,Nurse
Aurelea,24,m,0,Paramedic
Aurelia,19,m,1,Psychologist
Aurelie,32,f,1,Social Worker
Auria,30,f,0,Veterinarian
Aurie,39,f,1,Career Counselor
Aurilia,36,m,0,School Jobs
Aurlie,29,m,1,Substitute Teacher
Auroora,43,f,0,Teacher
Aurora,28,m,0,Teaching Abroad
Aurore,42,m,1,Teaching Online
Austin,41,f,1,Consultant
Austina,40,m,0,Financial Advisor
Austine,43,f,1,Fundraiser
Ava,29,f,1,Government Jobs
Aveline,40,m,0,Human Resources
Averil,25,m,0,Insurance Agent
Averyl,35,f,0,Investment Banker
Avie,19,m,1,Lawyer
Avis,41,f,1,Management
Aviva,22,m,0,Market Research Analyst
Avivah,29,m,0,Nonprofit Job
Avril,31,f,1,Doctor
Avrit,40,m,1,Nurse
Ayn,26,f,0,Accountant
Bab,43,f,0,Administrative Assistant/Secretary
Babara,30,f,0,Advertising
Babb,26,m,1,Consultant
Babbette,43,m,1,Financial Advisor
Babbie,44,f,0,Fundraiser
Babette,37,f,0,Government Jobs
Babita,42,f,0,App Developer
Babs,45,m,1,Computer Programmer
Bambi,29,m,1,Database Administrator
Bambie,32,f,1,Programmer
Bamby,33,f,0,Software Developer
Barb,34,f,1,Web Developer
Barbabra,27,m,1,Management
Barbara,40,m,0,Market Research Analyst
Barbara-Anne,47,f,1,Nonprofit Job
Barbaraanne,24,f,1,Doctor
Barbe,33,m,0,Nurse
Barbee,19,f,0,Paramedic
Barbette,38,f,1,Psychologist
Barbey,40,m,0,Social Worker
Barbi,40,f,0,Veterinarian
Barbie,32,f,1,Career Counselor
Barbra,38,f,0,School Jobs
Barby,36,m,1,Substitute Teacher
Bari,33,f,1,Teacher
Barrie,33,m,1,Teaching Abroad
Barry,28,f,1,Government Jobs
Basia,49,f,0,App Developer
Bathsheba,40,m,0,Computer Programmer
Batsheva,48,m,0,Database Administrator
Bea,40,m,1,Programmer
Beatrice,24,f,0,Software Developer
Beatrisa,27,m,0,Web Developer
Beatrix,27,f,0,Management
Beatriz,37,m,1,Market Research Analyst
Bebe,27,m,1,Nonprofit Job
Becca,47,f,1,Doctor
Becka,50,f,0,Nurse
Becki,25,f,1,Paramedic
Beckie,46,f,1,Psychologist
Becky,38,f,0,Social Worker
Bee,20,f,1,Veterinarian
Beilul,21,f,0,Career Counselor
Beitris,18,m,0,School Jobs
Bekki,41,m,1,Substitute Teacher
Bel,37,f,0,Teacher
Belia,38,m,0,Teaching Abroad
Belicia,21,f,1,Nonprofit Job
Belinda,43,m,1,Doctor
Belita,31,m,0,Nurse
Bell,45,f,1,Accountant
Bella,30,m,1,Administrative Assistant/Secretary
Bellanca,49,m,1,Advertising
Belle,46,f,1,Consultant
Bellina,48,m,0,Financial Advisor
Belva,49,f,0,Fundraiser
Belvia,27,f,1,Government Jobs
Bendite,44,f,1,App Developer
Benedetta,35,m,1,Computer Programmer
Benedicta,22,f,0,Database Administrator
Benedikta,43,m,1,Programmer
Benetta,46,m,1,Software Developer
Benita,31,f,1,Web Developer
Benni,30,f,0,Management
Bennie,22,f,0,Market Research Analyst
Benny,32,m,0,Nonprofit Job
Benoite,45,f,0,Doctor
Berenice,40,f,1,Nurse
Beret,30,f,1,Paramedic
Berget,49,f,1,Psychologist
Berna,20,m,0,Social Worker
Bernadene,25,f,0,Advertising
Bernadette,27,m,1,Consultant
Bernadina,19,f,0,Financial Advisor
Bernadine,18,f,1,Fundraiser
Bernardina,30,f,0,Government Jobs
Bernardine,48,m,0,Human Resources
Bernelle,36,m,0,Insurance Agent
Bernete,40,f,0,Investment Banker
Bernetta,21,m,1,Lawyer
Bernette,25,f,0,Management
Berni,26,f,0,Market Research Analyst
Bernice,45,f,0,Nonprofit Job
Bernie,38,f,0,Doctor
Bernita,37,f,1,Nurse
Berny,38,f,0,Paramedic
Berri,36,m,1,Psychologist
Berrie,43,f,1,Social Worker
Berry,28,f,1,Veterinarian
Bert,38,f,0,Career Counselor
Berta,24,f,1,School Jobs
Berte,32,m,1,Substitute Teacher
Bertha,43,m,1,Teacher
Berthe,35,m,1,Teaching Abroad
Berti,37,f,1,Teaching Online
Bertie,28,f,0,Consultant
Bertina,45,f,1,Financial Advisor
Bertine,20,f,0,Fundraiser
Berty,30,m,1,Government Jobs
Beryl,45,m,0,Human Resources
Beryle,44,m,0,Insurance Agent
Bess,38,f,0,Investment Banker
Bessie,20,f,0,Lawyer
Bessy,38,m,1,Management
Beth,45,f,1,Market Research Analyst
Bethanne,29,m,0,Nonprofit Job
Bethany,32,m,1,Doctor
Bethena,45,f,1,Nurse
Bethina,36,m,1,Accountant
Betsey,31,m,1,Administrative Assistant/Secretary
Betsy,49,m,0,Advertising
Betta,38,f,1,Consultant
Bette,32,f,1,Financial Advisor
Bette-Ann,49,m,1,Fundraiser
Betteann,42,f,1,Government Jobs
Betteanne,43,m,1,App Developer
Betti,28,m,0,Computer Programmer
Bettina,38,m,1,Database Administrator
Bettine,22,m,0,Programmer
Betty,47,f,1,Software Developer
Bettye,47,m,0,Web Developer
Beulah,30,f,0,Management
Bev,44,m,0,Market Research Analyst
Beverie,29,m,0,Nonprofit Job
Beverlee,42,f,0,Doctor
Beverley,45,f,0,Nurse
Beverlie,43,f,0,Paramedic
Beverly,35,m,0,Psychologist
Bevvy,42,m,0,Social Worker
Bianca,41,f,0,Veterinarian
Bianka,43,m,1,Career Counselor
Bibbie,39,m,0,School Jobs
Bibby,33,m,0,Substitute Teacher
Bibbye,28,m,0,Teacher
Bibi,45,m,1,Teaching Abroad
Biddie,36,m,0,Government Jobs
Biddy,24,f,1,App Developer
Bidget,23,f,1,Computer Programmer
Bili,28,m,0,Database Administrator
Bill,39,m,0,Programmer
Billi,23,f,0,Software Developer
Billie,50,m,0,Web Developer
Billy,22,f,1,Management
Billye,27,m,0,Market Research Analyst
Binni,35,f,1,Nonprofit Job
Binnie,39,m,0,Doctor
Binny,50,m,1,Nurse
Bird,30,m,0,Paramedic
Birdie,31,m,1,Psychologist
Birgit,42,m,1,Social Worker
Birgitta,36,m,0,Veterinarian
Blair,25,f,1,Career Counselor
Blaire,32,f,1,School Jobs
Blake,46,m,0,Substitute Teacher
Blakelee,28,m,0,Teacher
Blakeley,48,m,0,Teaching Abroad
Blanca,45,f,0,Nonprofit Job
Blanch,31,m,0,Doctor
Blancha,43,m,0,Nurse
Blanche,41,f,1,Accountant
Blinni,48,m,1,Administrative Assistant/Secretary
Blinnie,43,f,0,Advertising
Blinny,41,m,1,Consultant
Bliss,37,m,0,Financial Advisor
Blisse,28,f,1,Fundraiser
Blithe,44,f,1,Government Jobs
Blondell,35,m,1,App Developer
Blondelle,25,f,1,Computer Programmer
Blondie,36,m,1,Database Administrator
Blondy,35,f,0,Programmer
Blythe,31,m,1,Software Developer
Bobbe,43,m,0,Accountant
Bobbee,50,f,0,Administrative Assistant/Secretary
Bobbette,48,m,1,Advertising
Bobbi,23,f,1,Consultant
Bobbie,48,m,1,Financial Advisor
Bobby,24,f,1,Fundraiser
Bobbye,47,f,0,Government Jobs
Bobette,20,f,0,Human Resources
Bobina,37,m,0,Insurance Agent
Bobine,22,f,0,Investment Banker
Bobinette,40,f,1,Lawyer
Bonita,25,f,1,Management
Bonnee,41,m,0,Market Research Analyst
Bonni,29,m,1,Nonprofit Job
Bonnibelle,27,m,0,Doctor
Bonnie,44,m,0,Nurse
Bonny,41,m,0,Paramedic
Brana,18,f,0,Psychologist
Brandais,35,m,0,Social Worker
Brande,19,f,0,Veterinarian
Brandea,27,m,0,Career Counselor
Brandi,44,f,0,School Jobs
Brandice,32,f,0,Substitute Teacher
Brandie,43,m,1,Teacher
Brandise,21,f,1,Teaching Abroad
Brandy,37,m,0,Teaching Online
Breanne,44,m,0,Consultant
Brear,20,f,0,Financial Advisor
Bree,30,f,1,Fundraiser
Breena,32,f,0,Government Jobs
Bren,29,f,1,Human Resources
Brena,28,m,1,Insurance Agent
Brenda,23,f,0,Investment Banker
Brenn,29,m,1,Lawyer
Brenna,46,f,1,Management
Brett,41,f,1,Market Research Analyst
Bria,46,m,1,Nonprofit Job
Briana,49,m,0,Doctor
Brianna,19,m,1,Nurse
Brianne,44,m,1,Accountant
Bride,20,f,0,Administrative Assistant/Secretary
Bridget,26,m,1,Advertising
Bridgette,30,f,0,Consultant
Bridie,26,f,1,Financial Advisor
Brier,47,f,1,Fundraiser
Brietta,24,m,1,Government Jobs
Brigid,25,f,0,App Developer
Brigida,33,f,1,Computer Programmer
Brigit,26,f,0,Database Administrator
Brigitta,45,m,1,Programmer
Brigitte,48,f,1,Software Developer
Brina,30,m,0,Web Developer
Briney,27,m,1,Management
Brinn,24,m,0,Market Research Analyst
Brinna,33,m,1,Nonprofit Job
Briny,21,m,0,Doctor
Brit,30,f,1,Nurse
Brita,21,m,0,Paramedic
Britney,29,f,0,Psychologist
Britni,42,m,1,Social Worker
Britt,45,m,1,Veterinarian
Britta,47,m,1,Career Counselor
Brittan,26,m,1,School Jobs
Brittaney,37,f,0,Substitute Teacher
Brittani,45,f,1,Teacher
Brittany,31,m,0,Teaching Abroad
Britte,29,f,1,Government Jobs
Britteny,23,m,0,App Developer
Brittne,32,f,0,Computer Programmer
Brittney,28,m,1,Database Administrator
Brittni,39,m,0,Programmer
Brook,47,f,1,Software Developer
Brooke,27,f,1,Web Developer
Brooks,31,m,1,Management
Brunhilda,27,f,0,Market Research Analyst
Brunhilde,25,m,0,Nonprofit Job
Bryana,34,f,0,Doctor
Bryn,44,m,1,Nurse
Bryna,32,f,1,Paramedic
Brynn,28,f,1,Psychologist
Brynna,33,m,1,Social Worker
Brynne,43,f,0,Veterinarian
Buffy,40,f,0,Career Counselor
Bunni,19,m,0,School Jobs
Bunnie,19,f,0,Substitute Teacher
Bunny,43,m,1,Teacher
Cacilia,40,m,1,Teaching Abroad
Cacilie,47,f,0,Nonprofit Job
Cahra,46,f,1,Doctor
Cairistiona,38,m,0,Nurse
Caitlin,30,f,0,Accountant
Caitrin,40,f,0,Administrative Assistant/Secretary
Cal,47,f,0,Advertising
Calida,30,f,0,Consultant
Calla,33,m,0,Financial Advisor
Calley,23,m,1,Fundraiser
Calli,48,f,0,Government Jobs
Callida,24,m,0,App Developer
Callie,20,m,0,Computer Programmer
Cally,45,m,0,Database Administrator
Calypso,18,f,0,Programmer
Cam,21,f,1,Software Developer
Camala,24,m,0,Web Developer
Camel,19,m,1,Management
Camella,42,f,0,Market Research Analyst
Camellia,28,m,0,Nonprofit Job
Cami,25,m,0,Doctor
Camila,24,f,1,Nurse
Camile,32,m,0,Paramedic
Camilla,28,m,0,Psychologist
Camille,42,m,0,Social Worker
Cammi,35,f,0,Advertising
Cammie,46,f,1,Consultant
Cammy,27,m,1,Financial Advisor
Candace,18,m,0,Fundraiser
Candi,49,m,0,Government Jobs
Candice,35,m,1,Human Resources
Candida,20,f,1,Insurance Agent
Candide,37,m,1,Investment Banker
Candie,50,f,0,Lawyer
Candis,37,f,1,Management
Candra,21,f,0,Market Research Analyst
Candy,30,f,0,Nonprofit Job
Caprice,28,f,1,Doctor
Cara,43,f,0,Nurse
Caralie,39,f,0,Paramedic
Caren,46,f,1,Psychologist
Carena,18,f,1,Social Worker
Caresa,38,m,1,Veterinarian
Caressa,25,m,0,Career Counselor
Caresse,26,m,0,School Jobs
Carey,39,m,1,Substitute Teacher
Cari,41,f,1,Teacher
Caria,49,f,0,Teaching Abroad
Carie,49,m,1,Teaching Online
Caril,20,m,1,Consultant
Carilyn,43,m,0,Financial Advisor
Carin,38,f,0,Fundraiser
Carina,47,f,1,Government Jobs
Carine,48,f,0,Human Resources
Cariotta,47,m,1,Insurance Agent
Carissa,26,f,1,Investment Banker
Carita,47,f,0,Lawyer
Caritta,19,m,1,Management
Carla,36,m,1,Market Research Analyst
Carlee,39,f,1,Nonprofit Job
Carleen,48,m,1,Doctor
Carlen,37,f,0,Nurse
Carlene,33,m,0,Accountant
Carley,38,m,1,Administrative Assistant/Secretary
Carlie,33,m,0,Advertising
Carlin,19,m,0,Consultant
Carlina,22,f,1,Financial Advisor
Carline,26,m,0,Fundraiser
Carlita,20,f,1,Government Jobs
Carlota,50,m,0,App Developer
Carlotta,24,f,0,Computer Programmer
Carly,42,f,0,Database Administrator
Carlye,47,f,0,Programmer
Carlyn,44,m,1,Software Developer
Carlynn,41,f,1,Web Developer
Carlynne,42,f,0,Management
Carma,22,f,0,Market Research Analyst
Carmel,49,m,1,Nonprofit Job
Carmela,44,f,1,Doctor
Carmelia,33,m,1,Nurse
Carmelina,37,f,1,Paramedic
Carmelita,47,m,0,Psychologist
Carmella,47,f,1,Social Worker
Carmelle,21,f,1,Veterinarian
Carmen,30,f,1,Career Counselor
Carmencita,37,f,1,School Jobs
Carmina,21,f,0,Substitute Teacher
Carmine,40,f,1,Teacher
Carmita,48,m,1,Teaching Abroad
Carmon,23,m,1,Government Jobs
Caro,45,f,0,App Developer
Carol,24,m,0,Computer Programmer
Carol-Jean,21,m,1,Database Administrator
Carola,22,m,0,Programmer
Carolan,26,m,0,Software Developer
Carolann,33,m,1,Web Developer
Carole,23,m,0,Management
Carolee,23,f,0,Market Research Analyst
Carolin,49,m,1,Nonprofit Job
Carolina,22,f,0,Doctor
Caroline,40,m,0,Nurse
Caroljean,50,f,1,Paramedic
Carolyn,31,f,0,Psychologist
Carolyne,45,m,1,Social Worker
Carolynn,42,f,0,Veterinarian
Caron,45,m,0,Career Counselor
Carree,18,m,0,School Jobs
Carri,20,f,0,Substitute Teacher
Carrie,48,m,1,Teacher
Carrissa,40,m,1,Teaching Abroad
Carroll,48,f,1,Nonprofit Job
Carry,31,f,1,Doctor
Cary,21,m,0,Nurse
Caryl,42,f,0,Accountant
Caryn,46,m,1,Administrative Assistant/Secretary
Casandra,44,m,0,Advertising
Casey,30,m,0,Consultant
Casi,19,f,0,Financial Advisor
Casie,30,m,0,Fundraiser
Cass,33,m,1,Government Jobs
Cassandra,36,m,1,App Developer
Cassandre,39,m,1,Computer Programmer
Cassandry,48,m,0,Database Administrator
Cassaundra,23,f,0,Programmer
Cassey,40,f,0,Software Developer
Cassi,37,m,1,Accountant
Cassie,42,f,1,Administrative Assistant/Secretary
Cassondra,21,f,0,Advertising
Cassy,46,f,0,Consultant
Catarina,27,f,0,Financial Advisor
Cate,46,f,1,Fundraiser
Caterina,30,m,0,Government Jobs
Catha,49,m,1,Human Resources
Catharina,50,m,1,Insurance Agent
Catharine,18,f,1,Investment Banker
Cathe,18,f,1,Lawyer
Cathee,23,m,0,Management
Catherin,19,f,0,Market Research Analyst
Catherina,33,m,0,Nonprofit Job
Catherine,18,m,0,Doctor
Cathi,50,f,0,Nurse
Cathie,37,m,1,Paramedic
Cathleen,22,m,0,Psychologist
Cathlene,41,f,1,Social Worker
Cathrin,26,f,0,Veterinarian
Cathrine,42,m,1,Career Counselor
Cathryn,37,f,0,School Jobs
Cathy,36,m,0,Substitute Teacher
Cathyleen,21,f,0,Teacher
Cati,47,m,1,Teaching Abroad
Catie,34,m,1,Teaching Online
Catina,28,m,0,Consultant
Catlaina,36,m,1,Financial Advisor
Catlee,48,f,1,Fundraiser
Catlin,47,f,0,Government Jobs
Catrina,45,f,0,Human Resources
Catriona,37,m,0,Insurance Agent
Caty,38,f,0,Investment Banker
Caye,25,f,0,Lawyer
Cayla,23,f,0,Management
Cecelia,48,f,0,Market Research Analyst
Cecil,32,f,0,Nonprofit Job
Cecile,38,m,1,Doctor
Ceciley,39,f,0,Nurse
Cecilia,38,m,0,Accountant
Cecilla,26,f,1,Administrative Assistant/Secretary
Cecily,47,m,1,Advertising
Ceil,45,f,1,Consultant
Cele,19,f,1,Financial Advisor
Celene,26,m,0,Fundraiser
Celesta,18,f,1,Government Jobs
Celeste,18,m,0,App Developer
Celestia,19,m,0,Computer Programmer
Celestina,29,f,0,Database Administrator
Celestine,37,m,0,Programmer
Celestyn,19,m,0,Software Developer
Celestyna,36,m,1,Web Developer
Celia,28,f,0,Management
Celie,50,f,0,Market Research Analyst
Celina,46,m,0,Nonprofit Job
Celinda,36,m,0,Doctor
Celine,19,f,1,Nurse
Celinka,18,f,1,Paramedic
Celisse,20,m,1,Psychologist
Celka,28,f,1,Social Worker
Celle,20,f,1,Veterinarian
Cesya,36,m,0,Career Counselor
Chad,45,f,0,School Jobs
Chanda,32,m,1,Substitute Teacher
Chandal,32,m,0,Teacher
Chandra,38,m,1,Teaching Abroad
Channa,32,f,1,Government Jobs
Chantal,37,f,0,App Developer
Chantalle,36,f,0,Computer Programmer
Charil,22,f,0,Database Administrator
Charin,32,f,0,Programmer
Charis,36,m,0,Software Developer
Charissa,37,f,1,Web Developer
Charisse,43,f,1,Management
Charita,44,f,1,Market Research Analyst
Charity,27,m,0,Nonprofit Job
Charla,27,f,0,Doctor
Charlean,24,f,1,Nurse
Charleen,33,f,0,Paramedic
Charlena,26,f,1,Psychologist
Charlene,47,m,1,Social Worker
Charline,37,m,0,Veterinarian
Charlot,50,f,1,Career Counselor
Charlotta,37,f,1,School Jobs
Charlotte,36,m,1,Substitute Teacher
Charmain,50,f,0,Teacher
Charmaine,19,m,0,Teaching Abroad
Charmane,43,m,1,Nonprofit Job
Charmian,31,f,0,Doctor
Charmine,43,m,1,Nurse
Charmion,38,m,0,Accountant
Charo,28,f,0,Administrative Assistant/Secretary
Charyl,32,f,0,Advertising
Chastity,21,f,1,Consultant
Chelsae,48,f,0,Financial Advisor
Chelsea,25,f,0,Fundraiser
Chelsey,40,f,1,Government Jobs
Chelsie,22,f,0,App Developer
Chelsy,48,m,0,Computer Programmer
Cher,31,f,0,Database Administrator
Chere,32,f,0,Programmer
Cherey,23,f,1,Software Developer
Cheri,32,m,0,Web Developer
Cherianne,49,m,0,Management
Cherice,45,m,1,Market Research Analyst
Cherida,44,f,1,Nonprofit Job
Cherie,50,f,0,Doctor
Cherilyn,30,f,0,Nurse
Cherilynn,39,f,0,Paramedic
Cherin,37,m,0,Psychologist
Cherise,47,f,0,Social Worker
Cherish,40,f,0,Advertising
Cherlyn,44,m,0,Consultant
Cherri,40,f,0,Financial Advisor
Cherrita,30,m,0,Fundraiser
Cherry,19,m,0,Government Jobs
Chery,33,f,1,Human Resources
Cherye,31,m,1,Insurance Agent
Cheryl,18,m,1,Investment Banker
Cheslie,20,m,0,Lawyer
Chiarra,46,f,0,Management
Chickie,31,f,0,Market Research Analyst
Chicky,33,f,1,Nonprofit Job
Chiquia,22,m,1,Doctor
Chiquita,27,m,1,Nurse
Chlo,32,m,0,Paramedic
Chloe,21,f,0,Psychologist
Chloette,35,f,1,Social Worker
Chloris,33,f,1,Veterinarian
Chris,35,m,1,Career Counselor
Chrissie,37,m,1,School Jobs
Chrissy,21,m,1,Substitute Teacher
Christa,31,m,0,Teacher
Christabel,48,f,0,Teaching Abroad
Christabella,43,f,0,Teaching Online
Christal,49,f,0,Consultant
Christalle,27,m,1,Financial Advisor
Christan,45,f,1,Fundraiser
Christean,36,m,1,Government Jobs
Christel,27,f,1,Human Resources
Christen,37,f,1,Insurance Agent
Christi,36,m,0,Investment Banker
Christian,28,m,1,Lawyer
Christiana,48,m,0,Management
Christiane,39,f,1,Market Research Analyst
Christie,26,m,0,Nonprofit Job
Christin,35,f,1,Doctor
Christina,26,f,1,Nurse
Christine,42,m,1,Accountant
Christy,44,f,0,Administrative Assistant/Secretary
Christye,34,f,1,Advertising
Christyna,30,f,0,Consultant
Chrysa,24,f,1,Financial Advisor
Chrysler,47,f,1,Fundraiser
Chrystal,19,f,0,Government Jobs
Chryste,40,f,0,App Developer
Chrystel,38,m,1,Computer Programmer
Cicely,47,f,1,Database Administrator
Cicily,30,m,0,Programmer
Ciel,21,m,1,Software Developer
Cilka,39,m,1,Web Developer
Cinda,24,f,1,Management
Cindee,23,f,0,Market Research Analyst
Cindelyn,46,f,0,Nonprofit Job
Cinderella,42,m,1,Doctor
Cindi,34,m,1,Nurse
Cindie,19,m,0,Paramedic
Cindra,43,m,0,Psychologist
Cindy,25,m,0,Social Worker
Cinnamon,18,f,1,Veterinarian
Cissiee,45,f,0,Career Counselor
Cissy,40,m,0,School Jobs
Clair,25,m,0,Substitute Teacher
Claire,18,m,1,Teacher
Clara,42,m,0,Teaching Abroad
Clarabelle,39,m,0,Government Jobs
Clare,36,m,1,App Developer
Claresta,47,m,1,Computer Programmer
Clareta,19,m,0,Database Administrator
Claretta,33,m,1,Programmer
Clarette,24,m,0,Software Developer
Clarey,45,f,1,Web Developer
Clari,40,f,0,Management
Claribel,21,f,0,Market Research Analyst
Clarice,22,f,1,Nonprofit Job
Clarie,32,m,1,Doctor
Clarinda,48,f,0,Nurse
Clarine,23,m,1,Paramedic
Clarissa,48,m,0,Psychologist
Clarisse,50,f,0,Social Worker
Clarita,29,m,0,Veterinarian
Clary,49,m,1,Career Counselor
Claude,20,m,0,School Jobs
Claudelle,32,f,1,Substitute Teacher
Claudetta,32,m,0,Teacher
Claudette,30,f,0,Teaching Abroad
Claudia,28,m,0,Nonprofit Job
Claudie,21,f,0,Doctor
Claudina,24,f,0,Nurse
Claudine,35,f,1,Accountant
Clea,47,m,1,Administrative Assistant/Secretary
Clem,46,f,1,Advertising
Clemence,43,f,0,Consultant
Clementia,46,f,1,Financial Advisor
Clementina,27,m,0,Fundraiser
Clementine,44,m,0,Government Jobs
Clemmie,40,m,0,App Developer
Clemmy,46,m,0,Computer Programmer
Cleo,20,f,1,Database Administrator
Cleopatra,28,f,1,Programmer
Clerissa,19,m,0,Software Developer
Clio,26,f,0,Accountant
Clo,46,f,0,Administrative Assistant/Secretary
Cloe,46,m,1,Advertising
Cloris,40,f,1,Consultant
Clotilda,28,f,1,Financial Advisor
Clovis,19,f,0,Fundraiser
Codee,18,f,1,Government Jobs
Codi,24,f,1,Human Resources
Codie,27,m,0,Insurance Agent
Cody,18,f,0,Investment Banker
Coleen,38,m,1,Lawyer
Colene,19,f,1,Management
Coletta,30,m,0,Market Research Analyst
Colette,26,f,0,Nonprofit Job
Colleen,30,f,0,Doctor
Collen,30,m,1,Nurse
Collete,20,f,1,Paramedic
Collette,45,m,1,Psychologist
Collie,30,m,0,Social Worker
Colline,26,f,0,Veterinarian
Colly,32,f,1,Career Counselor
Con,20,f,0,School Jobs
Concettina,38,f,0,Substitute Teacher
Conchita,43,m,0,Teacher
Concordia,35,f,0,Teaching Abroad
Conni,26,m,1,Teaching Online
Connie,45,m,0,Consultant
Conny,29,f,0,Financial Advisor
Consolata,33,f,1,Fundraiser
Constance,41,f,0,Government Jobs
Constancia,24,f,1,Human Resources
Constancy,34,m,1,Insurance Agent
Constanta,25,f,0,Investment Banker
Constantia,20,f,0,Lawyer
Constantina,38,m,0,Management
Constantine,46,f,0,Market Research Analyst
Consuela,46,m,1,Nonprofit Job
Consuelo,37,m,0,Doctor
Cookie,50,f,1,Nurse
Cora,27,f,0,Accountant
Corabel,24,f,0,Administrative Assistant/Secretary
Corabella,45,f,1,Advertising
Corabelle,26,f,0,Consultant
Coral,45,f,1,Financial Advisor
Coralie,30,f,0,Fundraiser
Coraline,42,m,0,Government Jobs
Coralyn,42,m,0,App Developer
Cordelia,30,m,1,Computer Programmer
Cordelie,22,m,1,Database Administrator
Cordey,40,m,0,Programmer
Cordi,47,f,1,Software Developer
Cordie,39,f,1,Web Developer
Cordula,25,m,1,Management
Cordy,36,f,1,Market Research Analyst
Coreen,43,f,1,Nonprofit Job
Corella,29,m,0,Doctor
Corenda,22,f,0,Nurse
Corene,28,m,1,Paramedic
Coretta,43,f,1,Psychologist
Corette,22,m,0,Social Worker
Corey,21,f,0,Veterinarian
Cori,44,m,1,Career Counselor
Corie,39,m,0,School Jobs
Corilla,23,m,1,Substitute Teacher
Corina,24,f,1,Teacher
Corine,33,m,1,Teaching Abroad
Corinna,23,m,0,Government Jobs
Corinne,42,f,0,App Developer
Coriss,27,m,1,Computer Programmer
Corissa,49,m,0,Database Administrator
Corliss,37,f,1,Programmer
Corly,19,m,1,Software Developer
Cornela,43,m,0,Web Developer
Cornelia,21,m,0,Management
Cornelle,19,m,0,Market Research Analyst
Cornie,49,f,1,Nonprofit Job
Corny,32,m,1,Doctor
Correna,29,f,1,Nurse
Correy,24,f,1,Paramedic
Corri,24,f,0,Psychologist
Corrianne,44,m,0,Social Worker
Corrie,19,m,1,Veterinarian
Corrina,40,m,0,Career Counselor
Corrine,44,f,0,School Jobs
Corrinne,34,m,0,Substitute Teacher
Corry,24,f,1,Teacher
Cortney,48,f,0,Teaching Abroad
Cory,35,f,1,Nonprofit Job
Cosetta,33,f,0,Doctor
Cosette,37,m,0,Nurse
Costanza,32,m,1,Accountant
Courtenay,50,f,1,Administrative Assistant/Secretary
Courtnay,46,m,0,Advertising
Courtney,29,f,0,Consultant
Crin,18,f,1,Financial Advisor
Cris,20,m,1,Fundraiser
Crissie,49,m,1,Government Jobs
Crissy,30,m,0,App Developer
Crista,41,m,0,Computer Programmer
Cristabel,34,m,0,Database Administrator
Cristal,40,m,1,Programmer
Cristen,41,f,0,Software Developer
Cristi,41,m,0,Web Developer
Cristie,20,m,1,Management
Cristin,23,m,1,Market Research Analyst
Cristina,36,m,1,Nonprofit Job
Cristine,26,f,0,Doctor
Cristionna,44,m,1,Nurse
Cristy,27,m,0,Paramedic
Crysta,26,m,0,Psychologist
Crystal,36,m,0,Social Worker
Crystie,38,m,0,Advertising
Cthrine,49,m,1,Consultant
Cyb,28,f,0,Financial Advisor
Cybil,34,m,0,Fundraiser
Cybill,43,f,0,Government Jobs
Cymbre,28,f,1,Human Resources
Cynde,35,m,1,Insurance Agent
Cyndi,39,f,1,Investment Banker
Cyndia,38,m,0,Lawyer
Cyndie,21,m,1,Management
Cyndy,21,m,1,Market Research Analyst
Cynthea,44,m,0,Nonprofit Job
Cynthia,42,m,0,Doctor
Cynthie,20,m,0,Nurse
Cynthy,29,f,1,Paramedic
Dacey,26,m,1,Psychologist
Dacia,37,f,1,Social Worker
Dacie,48,m,1,Veterinarian
Dacy,18,m,0,Career Counselor
Dael,50,f,1,School Jobs
Daffi,26,f,0,Substitute Teacher
Daffie,41,m,0,Teacher
Daffy,49,m,0,Teaching Abroad
Dagmar,37,m,0,Teaching Online
Dahlia,47,m,0,Consultant
Daile,39,m,1,Financial Advisor
Daisey,29,m,1,Fundraiser
Daisi,41,f,0,Government Jobs
Daisie,49,f,1,Human Resources
Daisy,39,m,1,Insurance Agent
Dale,31,f,0,Investment Banker
Dalenna,37,f,1,Lawyer
Dalia,26,m,0,Management
Dalila,28,f,0,Market Research Analyst
Dallas,45,m,1,Nonprofit Job
Daloris,37,m,0,Doctor
Damara,49,f,0,Nurse
Damaris,40,f,1,Accountant
Damita,24,m,1,Administrative Assistant/Secretary
Dana,19,m,1,Advertising
Danell,50,m,1,Consultant
Danella,41,m,1,Financial Advisor
Danette,27,m,1,Fundraiser
Dani,37,m,0,Government Jobs
Dania,19,f,1,App Developer
Danica,27,f,0,Computer Programmer
Danice,26,m,1,Database Administrator
Daniela,40,m,0,Programmer
Daniele,50,m,1,Software Developer
Daniella,31,m,1,Web Developer
Danielle,19,f,1,Management
Danika,40,f,0,Market Research Analyst
Danila,39,m,0,Nonprofit Job
Danit,23,m,1,Doctor
Danita,39,f,0,Nurse
Danna,31,m,0,Paramedic
Danni,42,m,1,Psychologist
Dannie,45,f,1,Social Worker
Danny,36,m,1,Veterinarian
Dannye,41,f,0,Career Counselor
Danya,45,m,0,School Jobs
Danyelle,28,f,0,Substitute Teacher
Danyette,28,m,1,Teacher
Daphene,28,m,0,Teaching Abroad
Daphna,50,m,0,Government Jobs
Daphne,43,f,1,App Developer
Dara,30,f,0,Computer Programmer
Darb,28,f,1,Database Administrator
Darbie,46,f,1,Programmer
Darby,34,f,1,Software Developer
Darcee,19,f,0,Web Developer
Darcey,40,m,1,Management
Darci,32,f,0,Market Research Analyst
Darcie,25,f,0,Nonprofit Job
Darcy,24,m,0,Doctor
Darda,18,f,1,Nurse
Dareen,22,f,1,Paramedic
Darell,27,f,0,Psychologist
Darelle,26,f,1,Social Worker
Dari,40,f,0,Veterinarian
Daria,22,f,0,Career Counselor
Darice,29,m,1,School Jobs
Darla,47,f,1,Substitute Teacher
Darleen,28,m,0,Teacher
Darlene,18,f,1,Teaching Abroad
Darline,35,f,1,Nonprofit Job
Darlleen,48,f,1,Doctor
Daron,26,m,0,Nurse
Darrelle,43,f,1,Accountant
Darryl,36,f,1,Administrative Assistant/Secretary
Darsey,29,m,0,Advertising
Darsie,44,m,1,Consultant
Darya,34,m,1,Financial Advisor
Daryl,36,m,0,Fundraiser
Daryn,49,f,0,Government Jobs
Dasha,35,f,0,App Developer
Dasi,36,f,1,Computer Programmer
Dasie,34,m,0,Database Administrator
Dasya,25,m,0,Programmer
Datha,23,f,0,Software Developer
Daune,26,f,0,Accountant
Daveen,22,f,0,Administrative Assistant/Secretary
Daveta,23,f,1,Advertising
Davida,21,f,1,Consultant
Davina,36,m,0,Financial Advisor
Davine,28,f,1,Fundraiser
Davita,27,m,1,Government Jobs
Dawn,21,m,1,Human Resources
Dawna,27,f,0,Insurance Agent
Dayle,33,m,0,Investment Banker
Dayna,42,f,0,Lawyer
Ddene,36,m,1,Management
De,48,f,0,Market Research Analyst
Deana,43,m,0,Nonprofit Job
Deane,22,m,0,Doctor
Deanna,50,f,0,Nurse
Deanne,35,m,1,Paramedic
Deb,37,m,0,Psychologist
Debbi,24,f,1,Social Worker
Debbie,45,f,1,Veterinarian
Debby,34,m,1,Career Counselor
Debee,31,f,1,School Jobs
Debera,23,f,1,Substitute Teacher
Debi,18,f,1,Teacher
Debor,33,m,1,Teaching Abroad
Debora,27,m,1,Teaching Online
Deborah,18,m,1,Consultant
Debra,50,f,1,Financial Advisor
Dede,43,m,0,Fundraiser
Dedie,20,f,0,Government Jobs
Dedra,23,m,1,Human Resources
Dee,31,f,0,Insurance Agent
Dee Dee,42,m,0,Investment Banker
Deeann,49,m,1,Lawyer
Deeanne,31,f,0,Management
Deedee,43,m,1,Market Research Analyst
Deena,25,f,0,Nonprofit Job
Deerdre,39,m,0,Doctor
Deeyn,38,m,1,Nurse
Dehlia,18,f,0,Accountant
Deidre,49,f,0,Administrative Assistant/Secretary
Deina,47,m,1,Advertising
Deirdre,25,f,0,Consultant
Del,46,f,1,Financial Advisor
Dela,20,m,1,Fundraiser
Delcina,49,m,0,Government Jobs
Delcine,20,m,0,App Developer
Delia,25,m,0,Computer Programmer
Delila,42,f,1,Database Administrator
Delilah,24,f,1,Programmer
Delinda,46,m,1,Software Developer
Dell,22,m,0,Web Developer
Della,18,m,1,Management
Delly,41,f,0,Market Research Analyst
Delora,23,f,1,Nonprofit Job
Delores,21,m,0,Doctor
Deloria,38,f,0,Nurse
Deloris,22,m,1,Paramedic
Delphine,28,m,0,Psychologist
Delphinia,26,f,0,Social Worker
Demeter,25,f,0,Veterinarian
Demetra,23,f,0,Career Counselor
Demetria,48,f,0,School Jobs
Demetris,38,m,0,Substitute Teacher
Dena,47,f,0,Teacher
Deni,50,m,0,Teaching Abroad
Denice,27,m,0,Government Jobs
Denise,26,f,0,App Developer
Denna,21,f,1,Computer Programmer
Denni,40,m,0,Database Administrator
Dennie,22,f,0,Programmer
Denny,22,f,1,Software Developer
Deny,19,m,1,Web Developer
Denys,44,f,0,Management
Denyse,42,f,1,Market Research Analyst
Deonne,26,m,0,Nonprofit Job
Desdemona,49,f,0,Doctor
Desirae,43,f,0,Nurse
Desiree,29,f,1,Paramedic
Desiri,35,m,1,Psychologist
Deva,44,m,0,Social Worker
Devan,23,f,0,Veterinarian
Devi,45,m,1,Career Counselor
Devin,32,m,1,School Jobs
Devina,31,m,0,Substitute Teacher
Devinne,47,f,0,Teacher
Devon,29,f,0,Teaching Abroad
Devondra,49,f,0,Nonprofit Job
Devonna,20,m,1,Doctor
Devonne,47,f,0,Nurse
Devora,42,f,0,Accountant
Di,30,f,1,Administrative Assistant/Secretary
Diahann,43,m,0,Advertising
Dian,46,m,1,Consultant
Diana,43,f,0,Financial Advisor
Diandra,48,f,0,Fundraiser
Diane,20,f,0,Government Jobs
Diane-Marie,24,m,0,App Developer
Dianemarie,38,f,0,Computer Programmer
Diann,24,f,1,Database Administrator
Dianna,43,f,0,Programmer
Dianne,40,f,1,Software Developer
Diannne,34,f,0,Web Developer
Didi,45,f,1,Management
Dido,34,f,1,Market Research Analyst
Diena,46,f,1,Nonprofit Job
Dierdre,39,m,0,Doctor
Dina,28,f,1,Nurse
Dinah,18,f,1,Paramedic
Dinnie,26,f,1,Psychologist
Dinny,26,f,0,Social Worker
Dion,43,f,0,Advertising
Dione,39,f,0,Consultant
Dionis,39,m,1,Financial Advisor
Dionne,24,m,1,Fundraiser
Dita,42,m,0,Government Jobs
Dix,47,m,0,Human Resources
Dixie,36,f,1,Insurance Agent
Dniren,23,m,0,Investment Banker
Dode,31,m,1,Lawyer
Dodi,41,f,0,Management
Dodie,33,m,1,Market Research Analyst
Dody,21,f,1,Nonprofit Job
Doe,49,f,0,Doctor
Doll,29,f,1,Nurse
Dolley,26,f,1,Paramedic
Dolli,40,m,1,Psychologist
Dollie,46,m,0,Social Worker
Dolly,42,f,0,Veterinarian
Dolores,22,f,1,Career Counselor
Dolorita,50,m,1,School Jobs
Doloritas,27,m,1,Substitute Teacher
Domeniga,35,m,0,Teacher
Dominga,42,f,0,Teaching Abroad
Domini,38,f,0,Teaching Online
Dominica,44,m,1,Consultant
Dominique,27,m,0,Financial Advisor
Dona,34,f,1,Fundraiser
Donella,40,m,0,Government Jobs
Donelle,27,f,0,Human Resources
Donetta,20,f,1,Insurance Agent
Donia,46,f,0,Investment Banker
Donica,20,f,0,Lawyer
Donielle,22,m,0,Management
Donna,42,f,1,Market Research Analyst
Donnamarie,31,m,0,Nonprofit Job
Donni,29,f,0,Doctor
Donnie,44,f,1,Nurse
Donny,50,f,1,Accountant
Dora,36,f,1,Administrative Assistant/Secretary
Doralia,32,f,0,Advertising
Doralin,50,f,1,Consultant
Doralyn,34,m,1,Financial Advisor
Doralynn,20,f,1,Fundraiser
Doralynne,23,f,1,Government Jobs
Dore,29,m,0,App Developer
Doreen,33,f,0,Computer Programmer
Dorelia,38,f,0,Database Administrator
Dorella,42,f,0,Programmer
Dorelle,42,m,0,Software Developer
Dorena,24,m,0,Web Developer
Dorene,42,m,1,Management
Doretta,50,f,0,Market Research Analyst
Dorette,28,f,0,Nonprofit Job
Dorey,46,f,1,Doctor
Dori,22,m,1,Nurse
Doria,32,f,0,Paramedic
Dorian,40,f,1,Psychologist
Dorice,44,f,0,Social Worker
Dorie,42,f,0,Veterinarian
Dorine,31,m,0,Career Counselor
Doris,28,f,0,School Jobs
Dorisa,21,m,0,Substitute Teacher
Dorise,37,m,0,Teacher
Dorita,37,f,1,Teaching Abroad
Doro,48,m,1,Government Jobs
Dorolice,49,m,1,App Developer
Dorolisa,35,f,0,Computer Programmer
Dorotea,35,m,0,Database Administrator
Doroteya,50,m,0,Programmer
Dorothea,26,f,0,Software Developer
Dorothee,28,f,1,Web Developer
Dorothy,48,f,0,Management
Dorree,26,f,1,Market Research Analyst
Dorri,41,m,0,Nonprofit Job
Dorrie,46,m,1,Doctor
Dorris,35,f,0,Nurse
Dorry,43,f,0,Paramedic
Dorthea,47,m,1,Psychologist
Dorthy,20,m,0,Social Worker
Dory,28,f,0,Veterinarian
Dosi,49,m,0,Career Counselor
Dot,37,f,0,School Jobs
Doti,43,f,1,Substitute Teacher
Dotti,42,m,1,Teacher
Dottie,23,f,1,Teaching Abroad
Dotty,48,f,0,Nonprofit Job
Dre,45,m,1,Doctor
Dreddy,36,f,1,Nurse
Dredi,34,f,1,Accountant
Drona,28,m,1,Administrative Assistant/Secretary
Dru,22,f,0,Advertising
Druci,24,f,1,Consultant
Drucie,40,f,0,Financial Advisor
Drucill,50,f,1,Fundraiser
Drucy,36,f,1,Government Jobs
Drusi,35,m,0,App Developer
Drusie,29,f,1,Computer Programmer
Drusilla,42,f,1,Database Administrator
Drusy,25,m,0,Programmer
Dulce,35,m,1,Software Developer
Dulcea,30,m,1,Accountant
Dulci,34,m,1,Administrative Assistant/Secretary
Dulcia,41,f,0,Advertising
Dulciana,39,m,0,Consultant
Dulcie,29,f,0,Financial Advisor
Dulcine,21,m,1,Fundraiser
Dulcinea,40,m,1,Government Jobs
Dulcy,31,f,0,Human Resources
Dulsea,22,m,1,Insurance Agent
Dusty,33,m,1,Investment Banker
Dyan,21,m,1,Lawyer
Dyana,37,m,1,Management
Dyane,35,m,1,Market Research Analyst
Dyann,31,f,0,Nonprofit Job
Dyanna,50,f,1,Doctor
Dyanne,29,m,1,Nurse
Dyna,50,f,0,Paramedic
Dynah,48,m,1,Psychologist
Eachelle,33,f,0,Social Worker
Eada,33,f,0,Veterinarian
Eadie,39,m,1,Career Counselor
Eadith,48,f,0,School Jobs
Ealasaid,29,m,0,Substitute Teacher
Eartha,42,m,0,Teacher
Easter,49,m,0,Teaching Abroad
Eba,47,f,1,Teaching Online
Ebba,33,f,0,Consultant
Ebonee,40,m,0,Financial Advisor
Ebony,37,m,0,Fundraiser
Eda,26,m,1,Government Jobs
Eddi,40,f,0,Human Resources
Eddie,34,m,0,Insurance Agent
Eddy,41,m,1,Investment Banker
Ede,30,m,0,Lawyer
Edee,29,m,0,Management
Edeline,27,f,0,Market Research Analyst
Eden,28,m,1,Nonprofit Job
Edi,18,f,0,Doctor
Edie,26,f,0,Nurse
Edin,18,m,0,Accountant
Edita,29,f,1,Administrative Assistant/Secretary
Edith,33,m,0,Advertising
Editha,26,m,1,Consultant
Edithe,50,f,0,Financial Advisor
Ediva,18,f,0,Fundraiser
Edna,38,f,0,Government Jobs
Edwina,38,m,1,App Developer
Edy,44,f,0,Computer Programmer
Edyth,37,f,0,Database Administrator
Edythe,30,f,0,Programmer
Effie,19,f,0,Software Developer
Eileen,50,m,1,Web Developer
Eilis,31,f,0,Management
Eimile,18,f,0,Market Research Analyst
Eirena,42,f,0,Nonprofit Job
Ekaterina,33,f,1,Doctor
Elaina,25,m,0,Nurse
Elaine,42,f,1,Paramedic
Elana,36,f,1,Psychologist
Elane,38,m,0,Social Worker
Elayne,32,f,1,Veterinarian
Elberta,22,m,1,Career Counselor
Elbertina,31,f,1,School Jobs
Elbertine,49,m,0,Substitute Teacher
Eleanor,39,f,0,Teacher
Eleanora,23,m,1,Teaching Abroad
Eleanore,46,m,0,Government Jobs
Electra,34,f,0,App Developer
Eleen,45,m,1,Computer Programmer
Elena,26,m,0,Database Administrator
Elene,21,m,0,Programmer
Eleni,18,m,0,Software Developer
Elenore,31,m,1,Web Developer
Eleonora,22,f,1,Management
Eleonore,19,m,1,Market Research Analyst
Elfie,32,m,1,Nonprofit Job
Elfreda,34,f,0,Doctor
Elfrida,25,m,0,Nurse
Elfrieda,37,f,0,Paramedic
Elga,25,m,1,Psychologist
Elianora,30,m,0,Social Worker
Elianore,20,f,0,Veterinarian
Elicia,18,f,0,Career Counselor
Elie,25,m,1,School Jobs
Elinor,23,f,1,Substitute Teacher
Elinore,39,m,1,Teacher
Elisa,43,m,0,Teaching Abroad
Elisabet,27,m,0,Nonprofit Job
Elisabeth,50,m,0,Doctor
Elisabetta,30,f,1,Nurse
Elise,34,f,1,Accountant
Elisha,20,f,0,Administrative Assistant/Secretary
Elissa,48,m,0,Advertising
Elita,27,m,0,Consultant
Eliza,46,m,0,Financial Advisor
Elizabet,35,m,1,Fundraiser
Elizabeth,26,m,0,Government Jobs
Elka,46,m,0,App Developer
Elke,25,m,0,Computer Programmer
Ella,40,m,1,Database Administrator
Elladine,34,m,0,Programmer
Elle,27,m,1,Software Developer
Ellen,18,m,1,Web Developer
Ellene,18,f,0,Management
Ellette,49,m,1,Market Research Analyst
Elli,35,m,0,Nonprofit Job
Ellie,20,f,0,Doctor
Ellissa,22,f,1,Nurse
Elly,26,m,1,Paramedic
Ellyn,22,m,1,Psychologist
Ellynn,32,m,0,Social Worker
Elmira,19,f,1,Advertising
Elna,25,f,1,Consultant
Elnora,42,f,1,Financial Advisor
Elnore,50,m,0,Fundraiser
Eloisa,37,f,0,Government Jobs
Eloise,45,f,0,Human Resources
Elonore,43,f,0,Insurance Agent
Elora,36,f,0,Investment Banker
Elsa,21,m,0,Lawyer
Elsbeth,40,m,0,Management
Else,46,m,1,Market Research Analyst
Elset,50,m,1,Nonprofit Job
Elsey,39,f,0,Doctor
Elsi,41,f,0,Nurse
Elsie,43,m,0,Paramedic
Elsinore,45,m,0,Psychologist
Elspeth,31,m,1,Social Worker
Elsy,18,f,1,Veterinarian
Elva,50,m,0,Career Counselor
Elvera,27,m,1,School Jobs
Elvina,35,f,1,Substitute Teacher
Elvira,41,f,1,Teacher
Elwira,20,m,1,Teaching Abroad
Elyn,28,m,1,Teaching Online
Elyse,35,f,0,Consultant
Elysee,37,f,1,Financial Advisor
Elysha,37,f,0,Fundraiser
Elysia,40,f,1,Government Jobs
Elyssa,47,f,0,Human Resources
Em,29,m,1,Insurance Agent
Ema,46,f,1,Investment Banker
Emalee,40,m,0,Lawyer
Emalia,35,f,1,Management
Emelda,32,f,1,Market Research Analyst
Emelia,30,m,1,Nonprofit Job
Emelina,22,f,1,Doctor
Emeline,22,m,0,Nurse
Emelita,36,m,0,Accountant
Emelyne,36,m,0,Administrative Assistant/Secretary
Emera,27,f,0,Advertising
Emilee,36,f,0,Consultant
Emili,49,m,1,Financial Advisor
Emilia,35,f,0,Fundraiser
Emilie,21,f,0,Government Jobs
Emiline,26,m,0,App Developer
Emily,50,f,1,Computer Programmer
Emlyn,49,f,1,Database Administrator
Emlynn,40,m,0,Programmer
Emlynne,32,m,0,Software Developer
Emma,26,m,1,Web Developer
Emmalee,19,m,1,Management
Emmaline,47,m,0,Market Research Analyst
Emmalyn,22,m,1,Nonprofit Job
Emmalynn,46,f,0,Doctor
Emmalynne,50,f,0,Nurse
Emmeline,35,m,0,Paramedic
Emmey,25,f,1,Psychologist
Emmi,26,f,1,Social Worker
Emmie,39,f,1,Veterinarian
Emmy,36,m,0,Career Counselor
Emmye,25,m,1,School Jobs
Emogene,30,m,1,Substitute Teacher
Emyle,50,f,1,Teacher
Emylee,18,f,0,Teaching Abroad
Engracia,32,f,0,Government Jobs
Enid,40,m,1,App Developer
Enrica,31,m,0,Computer Programmer
Enrichetta,40,f,0,Database Administrator
Enrika,33,f,0,Programmer
Enriqueta,22,f,0,Software Developer
Eolanda,33,f,0,Web Developer
Eolande,48,f,1,Management
Eran,45,f,1,Market Research Analyst
Erda,29,f,1,Nonprofit Job
Erena,36,m,0,Doctor
Erica,48,f,1,Nurse
Ericha,40,f,1,Paramedic
Ericka,40,m,1,Psychologist
Erika,37,m,0,Social Worker
Erin,44,f,1,Veterinarian
Erina,47,m,1,Career Counselor
Erinn,21,m,0,School Jobs
Erinna,24,f,1,Substitute Teacher
Erma,28,f,1,Teacher
Ermengarde,40,m,0,Teaching Abroad
Ermentrude,30,f,1,Nonprofit Job
Ermina,41,m,1,Doctor
Erminia,27,m,1,Nurse
Erminie,23,f,0,Accountant
Erna,30,m,0,Administrative Assistant/Secretary
Ernaline,47,m,1,Advertising
Ernesta,43,m,1,Consultant
Ernestine,21,f,0,Financial Advisor
Ertha,47,m,1,Fundraiser
Eryn,35,f,0,Government Jobs
Esma,28,m,1,App Developer
Esmaria,23,m,1,Computer Programmer
Esme,29,m,0,Database Administrator
Esmeralda,39,f,1,Programmer
Essa,45,f,1,Software Developer
Essie,31,f,1,Accountant
Essy,21,f,1,Administrative Assistant/Secretary
Esta,42,m,1,Advertising
Estel,28,f,1,Consultant
Estele,29,f,1,Financial Advisor
Estell,49,m,1,Fundraiser
Estella,47,m,0,Government Jobs
Estelle,33,f,1,Human Resources
Ester,22,m,0,Insurance Agent
Esther,44,f,0,Investment Banker
Estrella,22,f,1,Lawyer
Estrellita,33,m,1,Management
Ethel,39,f,0,Market Research Analyst
Ethelda,38,f,0,Nonprofit Job
Ethelin,32,m,1,Doctor
Ethelind,35,m,1,Nurse
Etheline,35,m,1,Paramedic
Ethelyn,25,m,1,Psychologist
Ethyl,20,m,0,Social Worker
Etta,35,f,1,Veterinarian
Etti,46,f,1,Career Counselor
Ettie,41,m,0,School Jobs
Etty,36,m,0,Substitute Teacher
Eudora,39,f,1,Teacher
Eugenia,27,m,0,Teaching Abroad
Eugenie,31,m,1,Teaching Online
Eugine,27,m,0,Consultant
Eula,43,f,1,Financial Advisor
Eulalie,46,f,1,Fundraiser
Eunice,26,f,1,Government Jobs
Euphemia,35,f,0,Human Resources
Eustacia,31,m,0,Insurance Agent
Eva,18,f,1,Investment Banker
Evaleen,29,m,0,Lawyer
Evangelia,45,m,0,Management
Evangelin,32,f,1,Market Research Analyst
Evangelina,45,m,0,Nonprofit Job
Evangeline,47,f,0,Doctor
Evania,50,m,0,Nurse
Evanne,36,f,0,Accountant
Eve,22,f,1,Administrative Assistant/Secretary
Eveleen,49,m,1,Advertising
Evelina,43,f,0,Consultant
Eveline,49,f,1,Financial Advisor
Evelyn,28,m,1,Fundraiser
Evey,34,f,0,Government Jobs
Evie,46,f,0,App Developer
Evita,20,m,1,Computer Programmer
Evonne,21,m,1,Database Administrator
Evvie,21,f,1,Programmer
Evvy,33,f,1,Software Developer
Evy,36,f,1,Web Developer
Eyde,47,f,0,Management
Eydie,22,m,0,Market Research Analyst
Ezmeralda,31,m,1,Nonprofit Job
Fae,27,f,0,Doctor
Faina,27,f,1,Nurse